{
	"info": {
		"_postman_id": "e926e834-d178-4af5-870d-9e332979f7b9",
		"name": "assessment-bank-ina",
		"schema": "https://schema.getpostman.com/json/collection/v2.1.0/collection.json",
		"_exporter_id": "11868527"
	},
	"item": [
		{
			"name": "login",
			"request": {
				"auth": {
					"type": "noauth"
				},
				"method": "POST",
				"header": [
					{
						"key": "Authorization",
						"value": "{{assessment_bank_Ina_token}}",
						"type": "text",
						"disabled": true
					}
				],
				"body": {
					"mode": "raw",
					"raw": "{\n    \"email\": \"loremipsumaa@gmail.com\",\n    \"password\":\"ss\"\n}",
					"options": {
						"raw": {
							"language": "json"
						}
					}
				},
				"url": {
					"raw": "{{assessment_bank_Ina_url}}/api/login",
					"host": [
						"{{assessment_bank_Ina_url}}"
					],
					"path": [
						"api",
						"login"
					]
				}
			},
			"response": []
		},
		{
			"name": "user",
			"request": {
				"auth": {
					"type": "noauth"
				},
				"method": "POST",
				"header": [
					{
						"key": "Authorization",
						"value": "{{assessment_bank_Ina_token}}",
						"type": "text",
						"disabled": true
					}
				],
				"body": {
					"mode": "raw",
					"raw": "{\n    \"email\": \"loremipsumaa@gmail.com\",\n    \"name\": \"ssaa\",\n    \"password\":\"ss\"\n}",
					"options": {
						"raw": {
							"language": "json"
						}
					}
				},
				"url": {
					"raw": "{{assessment_bank_Ina_url}}/api/users",
					"host": [
						"{{assessment_bank_Ina_url}}"
					],
					"path": [
						"api",
						"users"
					]
				}
			},
			"response": []
		},
		{
			"name": "users",
			"request": {
				"auth": {
					"type": "noauth"
				},
				"method": "GET",
				"header": [
					{
						"key": "Authorization",
						"value": "{{assessment_bank_Ina_token}}",
						"type": "text"
					},
					{
						"key": "user_id",
						"value": "10",
						"type": "text",
						"disabled": true
					}
				],
				"url": {
					"raw": "{{assessment_bank_Ina_url}}/api/users",
					"host": [
						"{{assessment_bank_Ina_url}}"
					],
					"path": [
						"api",
						"users"
					]
				}
			},
			"response": []
		},
		{
			"name": "user",
			"request": {
				"auth": {
					"type": "noauth"
				},
				"method": "GET",
				"header": [
					{
						"key": "Authorization",
						"value": "{{assessment_bank_Ina_token}}",
						"type": "text"
					}
				],
				"url": {
					"raw": "{{assessment_bank_Ina_url}}/api/users/1",
					"host": [
						"{{assessment_bank_Ina_url}}"
					],
					"path": [
						"api",
						"users",
						"1"
					]
				}
			},
			"response": []
		},
		{
			"name": "user",
			"request": {
				"auth": {
					"type": "noauth"
				},
				"method": "PUT",
				"header": [
					{
						"key": "Authorization",
						"value": "{{assessment_bank_Ina_token}}",
						"type": "text"
					}
				],
				"body": {
					"mode": "raw",
					"raw": "{\n    \"email\": \"maulana6@1gmaildd.com\",\n    \"name\": \"Maulanaupdated\",\n    \"password\":\"newword\"\n}",
					"options": {
						"raw": {
							"language": "json"
						}
					}
				},
				"url": {
					"raw": "{{assessment_bank_Ina_url}}/api/users/2",
					"host": [
						"{{assessment_bank_Ina_url}}"
					],
					"path": [
						"api",
						"users",
						"2"
					]
				}
			},
			"response": []
		},
		{
			"name": "user",
			"request": {
				"auth": {
					"type": "noauth"
				},
				"method": "DELETE",
				"header": [
					{
						"key": "Authorization",
						"value": "{{assessment_bank_Ina_token}}",
						"type": "text"
					}
				],
				"url": {
					"raw": "{{assessment_bank_Ina_url}}/api/users/1",
					"host": [
						"{{assessment_bank_Ina_url}}"
					],
					"path": [
						"api",
						"users",
						"1"
					]
				}
			},
			"response": []
		},
		{
			"name": "task",
			"request": {
				"auth": {
					"type": "noauth"
				},
				"method": "POST",
				"header": [
					{
						"key": "Authorization",
						"value": "{{assessment_bank_Ina_token}}",
						"type": "text"
					}
				],
				"body": {
					"mode": "raw",
					"raw": "{\n    \"title\": \"create task\",\n    \"description\": \"hanya membuat task\",\n    \"status\":\"\"\n}",
					"options": {
						"raw": {
							"language": "json"
						}
					}
				},
				"url": {
					"raw": "{{assessment_bank_Ina_url}}/api/tasks",
					"host": [
						"{{assessment_bank_Ina_url}}"
					],
					"path": [
						"api",
						"tasks"
					]
				}
			},
			"response": []
		},
		{
			"name": "tasks",
			"protocolProfileBehavior": {
				"disableBodyPruning": true
			},
			"request": {
				"auth": {
					"type": "noauth"
				},
				"method": "GET",
				"header": [
					{
						"key": "Authorization",
						"value": "{{assessment_bank_Ina_token}}",
						"type": "text"
					}
				],
				"body": {
					"mode": "raw",
					"raw": "{\n    \"title\": \"create task\",\n    \"description\": \"hanya membuat task\",\n    \"status\":\"PENDING\"\n}",
					"options": {
						"raw": {
							"language": "json"
						}
					}
				},
				"url": {
					"raw": "{{assessment_bank_Ina_url}}/api/tasks",
					"host": [
						"{{assessment_bank_Ina_url}}"
					],
					"path": [
						"api",
						"tasks"
					]
				}
			},
			"response": []
		},
		{
			"name": "task",
			"request": {
				"auth": {
					"type": "noauth"
				},
				"method": "GET",
				"header": [
					{
						"key": "Authorization",
						"value": "{{assessment_bank_Ina_token}}",
						"type": "text"
					}
				],
				"url": {
					"raw": "{{assessment_bank_Ina_url}}/api/tasks/1",
					"host": [
						"{{assessment_bank_Ina_url}}"
					],
					"path": [
						"api",
						"tasks",
						"1"
					]
				}
			},
			"response": []
		},
		{
			"name": "task",
			"request": {
				"auth": {
					"type": "noauth"
				},
				"method": "PUT",
				"header": [
					{
						"key": "Authorization",
						"value": "{{assessment_bank_Ina_token}}",
						"type": "text"
					}
				],
				"body": {
					"mode": "raw",
					"raw": "{\n    \"title\": \"update task 2\",\n    \"description\": \"hanya membuat task\",\n    \"status\":\"PENDING\"\n}",
					"options": {
						"raw": {
							"language": "json"
						}
					}
				},
				"url": {
					"raw": "{{assessment_bank_Ina_url}}/api/tasks/1",
					"host": [
						"{{assessment_bank_Ina_url}}"
					],
					"path": [
						"api",
						"tasks",
						"1"
					]
				}
			},
			"response": []
		},
		{
			"name": "task",
			"request": {
				"auth": {
					"type": "noauth"
				},
				"method": "DELETE",
				"header": [
					{
						"key": "Authorization",
						"value": "{{assessment_bank_Ina_token}}",
						"type": "text"
					}
				],
				"url": {
					"raw": "{{assessment_bank_Ina_url}}/api/tasks/1",
					"host": [
						"{{assessment_bank_Ina_url}}"
					],
					"path": [
						"api",
						"tasks",
						"1"
					]
				}
			},
			"response": []
		}
	]
}