{
	"id": "ef2b637d-e0cd-4c7f-84e6-4bad91a4bccb",
	"name": "assessment-bank-ina",
	"values": [
		{
			"key": "assessment_bank_Ina_url",
			"value": "http://localhost:9010",
			"type": "default",
			"enabled": true
		},
		{
			"key": "assessment_bank_Ina_token",
			"value": "eyJhbGciOiJIUzI1NiIsInR5cCI6IkpXVCJ9.eyJhdXRob3JpemVkIjp0cnVlLCJlbWFpbCI6ImxvcmVtaXBzdW1hYUBnbWFpbC5jb20iLCJleHAiOjE3MDA5NDgwNzksInBhc3N3b3JkIjoiR0RNPSIsInVzZXJfaWQiOiIyIn0.hGQgED7is3wgpUF1NeLI8_0L38XGg7Nli4Y4oQ-GVMU",
			"type": "default",
			"enabled": true
		}
	],
	"_postman_variable_scope": "environment",
	"_postman_exported_at": "2023-11-25T21:31:52.152Z",
	"_postman_exported_using": "Postman/9.31.30"
}